17240	Friedrich-Schiller-Universität Jena	Germany	232	1662
17241	Friedrich-Schiller-Universität Jena	Germany	232	1658
17864	Università Di Torino	Italy	476	1754
18230	Georg-August-Universität Göttingen	Germany	104	1786
18231	Universität Helmstedt	Germany	483	1799
20543	Uppsala Universitet	Sweden	176	1796
21235	Universität Leipzig	Germany	96	1665
38374	Friedrich-Alexander-Universität Erlangen-Nürnberg	Germany	142	1757
38586	Universität Basel	Switzerland	198	1726
45103	Martin-Luther-Universität Halle-Wittenberg	Germany	485	1794
46039	Università Di Pisa	Italy	233	1788
47025	Georg-August-Universität Göttingen	Germany	104	1781
47025	Justus-Liebig-Universität Gießen		811	1781
47025	Universität Erfurt		812	1781
47793	Universität Leipzig	Germany	96	1703
47799	Universität Rostock	Germany	594	1755
52339	Europa-Universität Viadrina Frankfurt An Der Oder	Germany	862	1737
53410	Universität Basel	Switzerland	198	1694
54440	Universität Basel	Switzerland	198	1676
54440	Universität Basel	Switzerland	198	1684
54728	Universität Leipzig	Germany	96	1743
55853	Universität Leipzig	Germany	96	1721
57659	Georg-August-Universität Göttingen	Germany	104	1773
57667	Georg-August-Universität Göttingen	Germany	104	1796
57670	Martin-Luther-Universität Halle-Wittenberg	Germany	485	1713
59365	Martin-Luther-Universität Halle-Wittenberg	Germany	485	1682
59545	Universiteit Utrecht	Netherlands	174	1723
59613	Gerhard-Mercator-Universität - Gesamthochschule Duisburg	Germany	533	1655
59615	Gerhard-Mercator-Universität - Gesamthochschule Duisburg	Germany	533	1726
59621	Gerhard-Mercator-Universität - Gesamthochschule Duisburg	Germany	533	1755
59654	Friedrich-Schiller-Universität Jena	Germany	232	1746
59684	Friedrich-Alexander-Universität Erlangen-Nürnberg	Germany	142	1797
60131	Georg-August-Universität Göttingen	Germany	104	1763
60213	Universität Leipzig	Germany	96	1726
60241	Universität Leipzig	Germany	96	1769
60274	Martin-Luther-Universität Halle-Wittenberg	Germany	485	1745
60782	Friedrich-Schiller-Universität Jena	Germany	232	1734
60786	Universität Fulda	Germany	987	1789
60815	Martin-Luther-Universität Halle-Wittenberg	Germany	485	1777
60816	Martin-Luther-Universität Halle-Wittenberg	Germany	485	1766
60817	Martin-Luther-Universität Halle-Wittenberg	Germany	485	1758
60984	Universität Leipzig	Germany	96	1650
60985	Universität Leipzig	Germany	96	1666
60985	Universität Altdorf	Germany	989	1667
60985	Académie Royale Des Sciences De Paris	France	990	1676
61862	Ludwig-Maximilians-Universität München	Germany	179	1707
62171	Københavns Universitet	Denmark	258	1744
63867	Friedrich-Schiller-Universität Jena	Germany	232	1654
63885	University Of Gdansk	Poland	382	1707
64080	Universität Leipzig	Germany	96	1652
64082	Friedrich-Schiller-Universität Jena	Germany	232	1764
65161	Georg-August-Universität Göttingen	Germany	104	1765
65990	Eberhard-Karls-Universität Tübingen	Germany	169	1777
66476	Universität Leipzig	Germany	96	1739
67643	University Of Cambridge	Unitedkingdom	33	1652
71571	Universität Leipzig	Germany	96	1708
72669	Universität Leipzig	Germany	96	1685
74313	University Of Cambridge	Unitedkingdom	33	1668
74384	Universität Rostock	Germany	594	1632
76481	Eberhard-Karls-Universität Tübingen	Germany	169	1663
76482	Eberhard-Karls-Universität Tübingen	Germany	169	1691
76483	Eberhard-Karls-Universität Tübingen	Germany	169	1722
76484	Eberhard-Karls-Universität Tübingen	Germany	169	1742
76485	Eberhard-Karls-Universität Tübingen	Germany	169	1768
76486	Georg-August-Universität Göttingen	Germany	104	1783
77909	Universität Leipzig	Germany	96	1668
89801	Technische Universität Berlin	Germany	256	78
92586	Georg-August-Universität Göttingen	Germany	104	1767
96720	Universität Basel	Switzerland	198	1696
166479	Universität Helmstedt	Germany	483	1710
166936	Università Di Bologna	Italy	310	1647
167450	Université De Paris	France	201	1725
168392	Universität Leipzig	Germany	96	1728
168393	Martin-Luther-Universität Halle-Wittenberg	Germany	485	1696
168939	Universität Leipzig	Germany	96	1782
169078	Universität Leipzig	Germany	96	1761
169401	Universität Leipzig	Germany	96	1709
169780	Universität Dillingen	Germany	2239	1622
169960	Universität Leipzig	Germany	96	1648
170019	Martin-Luther-Universität Halle-Wittenberg	Germany	485	1791
170021	Universität Leipzig	Germany	96	1790
170021	Universität Leipzig	Germany	96	1794
170243	University Of Oxford	Unitedkingdom	128	1647
170454	Albertus-Universität Zu Königsberg I. Pr.	Germany	1078	1775
171655	Collège Mazarin	France	2276	1768
174374	Eötvös Loránd University	Hungary	221	1795
175052	Christian-Albrechts-Universität Zu Kiel	Germany	105	1783
175904	Universiteit Leiden	Netherlands	253	1655
175905	Universität Rostock	Germany	594	1591
101403	Georg-August-Universität Göttingen	Germany	104	1796
101849	Universität Basel	Switzerland	198	1613
101850	Universität Wien	Austria	193	1772
101851	Universität Wien	Austria	193	1786
101852	Ruprecht-Karls-Universität Heidelberg	Germany	231	1766
101853	Universität Wien	Austria	193	1757
101854	Universiteit Leiden	Netherlands	253	1725
101855	Bayerische Julius-Maximilians-Universität Würzburg	Germany	404	1748
101856	Universiteit Leiden	Netherlands	253	1693
101856	Universiteit Harderwijk		2369	1693
101857	Universiteit Leiden	Netherlands	253	1727
101858	Universiteit Utrecht	Netherlands	174	1660
101858	Universiteit Leiden	Netherlands	253	1664
101859	Universität Basel	Switzerland	198	1710
101860	Universität Basel	Switzerland	198	1637
101860	Universiteit Leiden	Netherlands	253	1637
101861	Université De Paris	France	201	1698
102036	University Of Cambridge	Unitedkingdom	33	1782
103066	University Of Cambridge	Unitedkingdom	33	1774
103067	University Of Cambridge	Unitedkingdom	33	1706
103068	University Of Cambridge	Unitedkingdom	33	1715
103387	Universität Leipzig	Germany	96	1733
103742	Universität Basel	Switzerland	198	1709
104394	Ernst-Moritz-Arndt-Universität Greifswald	Germany	505	1795
106530	Georg-August-Universität Göttingen	Germany	104	1771
106921	Universität Königsberg	Germany	225	1770
106922	Universität Königsberg	Germany	225	1732
107391	Eberhard-Karls-Universität Tübingen	Germany	169	1795
107399	Universität Königsberg	Germany	225	1792
107622	Universität Königsberg	Germany	225	1774
107622	Martin-Luther-Universität Halle-Wittenberg		2394	1774
108000	Friedrich-Schiller-Universität Jena	Germany	232	1667
108998	Universität Basel	Switzerland	198	1721
110893	Universiteit Leiden	Netherlands	253	1766
110897	Universität Basel	Switzerland	198	1737
110897	Philipps-Universität Marburg	Germany	200	1737
110898	Universiteit Franeker	Netherlands	1739	1749
110900	Universiteit Franeker	Netherlands	1739	1762
112497	Universiteit Leiden	Netherlands	253	1689
112568	Universiteit Leiden	Netherlands	253	1707
112689	Académie Royale Des Sciences De Paris	France	990	1687
112692	Universiteit Leiden	Netherlands	253	1690
112692	Universiteit Leiden	Netherlands	253	1690
112693	Universiteit Leiden	Netherlands	253	1715
112694	Universiteit Leiden	Netherlands	253	1696
112748	Université De Paris	France	201	1691
112760	Universiteit Leiden	Netherlands	253	1725
112761	Universiteit Leiden	Netherlands	253	1726
112762	Universiteit Utrecht	Netherlands	174	1710
112763	Universiteit Utrecht	Netherlands	174	1714
112764	Universiteit Utrecht	Netherlands	174	1721
112764	Universiteit Utrecht	Netherlands	174	1727
112765	Universiteit Utrecht	Netherlands	174	1716
112766	Universiteit Utrecht	Netherlands	174	1739
112767	Universiteit Utrecht	Netherlands	174	1739
112782	Universiteit Utrecht	Netherlands	174	1734
112783	Universiteit Utrecht	Netherlands	174	1736
112786	Università Di Pisa	Netherlands	2419	1754
112786	Universiteit Utrecht	Italy	2420	1754
112788	Académie Royale Des Sciences De Paris	France	990	1714
112799	Universiteit Leiden	Netherlands	253	1664
112822	Universiteit Leiden	Netherlands	253	1667
112823	Universiteit Leiden	Netherlands	253	1725
112840	Universiteit Utrecht	Netherlands	174	1743
112841	Universiteit Utrecht	Netherlands	174	1731
112841	Universiteit Utrecht	Netherlands	174	1734
112842	Universiteit Utrecht	Netherlands	174	1743
112843	Universiteit Utrecht	Netherlands	174	1738
112844	Universiteit Utrecht	Netherlands	174	1736
112845	Universiteit Utrecht	Netherlands	174	1750
112846	Universiteit Utrecht	Netherlands	174	1742
112853	Universiteit Utrecht	Netherlands	174	1759
112874	Université De Montpellier	France	1017	1655
112889	Collège De France	France	673	1752
112893	Universiteit Leiden	Netherlands	253	1694
112928	Gerhard-Mercator-Universität - Gesamthochschule Duisburg	Germany	533	1721
113021	Académie Royale Des Sciences De Paris	France	990	1702
113028	Universiteit Utrecht	Netherlands	174	1783
113029	Universiteit Utrecht	Netherlands	174	1772
113030	Universiteit Utrecht	Netherlands	174	1772
113031	Universiteit Utrecht	Netherlands	174	1783
113032	Universiteit Utrecht	Netherlands	174	1781
113033	Universiteit Utrecht	Netherlands	174	1799
113034	Universiteit Utrecht	Netherlands	174	1774
113035	Universiteit Utrecht	Netherlands	174	1782
113036	Universiteit Utrecht	Netherlands	174	1777
113041	Collège De France	France	673	1783
113084	Université Catholique De Louvain	Belgium	369	1574
113084	Collège De France	France	673	1574
113084	Universidad De Salamanca	Spain	876	1574
113119	Universiteit Leiden	Netherlands	253	1719
113186	Universiteit Leiden	Netherlands	253	1746
113191	Universiteit Utrecht	Netherlands	174	1797
113210	Universiteit Leiden	Netherlands	253	1740
113210	Universiteit Leiden	Netherlands	253	1740
113280	Gerhard-Mercator-Universität - Gesamthochschule Duisburg	Germany	533	1721
113281	Universiteit Utrecht	Netherlands	174	1724
113403	Rijksuniversiteit Groningen	Netherlands	385	1705
113493	Rijksuniversiteit Groningen	Netherlands	385	1754
113494	Rijksuniversiteit Groningen	Netherlands	385	1754
113495	Gerhard-Mercator-Universität - Gesamthochschule Duisburg	Germany	533	1728
113568	Universiteit Franeker	Netherlands	1739	1794
113719	Universiteit Leiden	Netherlands	253	1674
113861	Universiteit Franeker	Netherlands	1739	1773
113943	Universiteit Utrecht	Netherlands	174	1780
114925	Universiteit Utrecht	Netherlands	174	1725
114927	Rijksuniversiteit Groningen	Netherlands	385	1640
114945	Universiteit Utrecht	Netherlands	174	1644
114992	University Of St. Andrews	Unitedkingdom	216	1611
114992	Universiteit Leiden	Netherlands	253	1611
114992	Universität Helmstedt	Germany	483	1611
115008	Universiteit Leiden	Netherlands	253	1614
115030	Universiteit Franeker	Netherlands	1739	1623
115030	Universiteit Leiden	Italy	2436	1623
115030	Università Di Padova		2437	1623
115093	Universiteit Leiden	Netherlands	253	1728
115094	Universiteit Leiden	Netherlands	253	1722
115095	Universiteit Leiden	Netherlands	253	1631
115139	Universiteit Utrecht	Netherlands	174	1647
115139	Universiteit Leiden		2438	1647
115155	Athenaeum Illustre Amsterdam	Netherlands	1094	1667
115155	Universiteit Leiden		2440	1667
115323	Universiteit Utrecht	Netherlands	174	1644
115324	Universiteit Leiden	Netherlands	253	1719
115325	Universiteit Leiden	Netherlands	253	1737
115326	Universiteit Leiden	Netherlands	253	1737
115327	Universiteit Leiden	Netherlands	253	1730
115328	Universiteit Leiden	Netherlands	253	1730
115359	Universiteit Leiden	Netherlands	253	1671
115360	Universiteit Leiden	Netherlands	253	1698
115361	Universiteit Leiden	Netherlands	253	1678
115367	Universiteit Leiden	Netherlands	253	1647
115368	Universiteit Leiden	Netherlands	253	1605
115370	Universiteit Leiden	Netherlands	253	1756
115395	Universiteit Leiden	Netherlands	253	1582
115395	Université De Genève	Switzerland	192	1589
115395	Ruprecht-Karls-Universität Heidelberg	Germany	231	1589
115441	University Of Aberdeen	Unitedkingdom	254	1694
115441	University Of Oxford		2443	1694
115458	University Of Cambridge	Unitedkingdom	33	1695
115463	Universiteit Utrecht	Netherlands	174	1641
115463	Università Di Padova	Italy	356	1644
115470	Universiteit Leiden	Netherlands	253	1664
115471	Universiteit Leiden	Netherlands	253	1630
115616	Universiteit Utrecht	Netherlands	174	1664
115616	Universiteit Leiden		2444	1664
115617	Universiteit Leiden	Netherlands	253	1667
115713	University Of Aberdeen	Unitedkingdom	254	1692
115713	University Of Oxford		2447	1692
115763	Universiteit Utrecht	Netherlands	174	1743
115775	Universiteit Utrecht	Netherlands	174	1731
117499	Universiteit Utrecht	Netherlands	174	1644
117502	Universiteit Utrecht	Netherlands	174	1660
117503	Universiteit Utrecht	Netherlands	174	1671
117504	Universiteit Utrecht	Netherlands	174	1660
117505	Universiteit Utrecht	Netherlands	174	1661
117506	Universiteit Utrecht	Netherlands	174	1658
117507	Universiteit Utrecht	Netherlands	174	1660
117538	Universiteit Franeker	Netherlands	1739	1776
117615	Universiteit Franeker	Netherlands	1739	1772
117879	University Of Oxford	Unitedkingdom	128	1712
118684	Universiteit Leiden	Netherlands	253	1712
118796	Universiteit Harderwijk	Netherlands	2467	1735
119097	Université Catholique De Louvain	Belgium	369	1536
119159	Université Catholique De Louvain	Belgium	369	1532
119159	Collège De Tréguier		2471	1532
119164	Université Catholique De Louvain	Belgium	369	1532
119178	Università Di Padova	Italy	356	1537
119178	Université Catholique De Louvain	Belgium	369	1537
119224	University Of Cambridge	Belgium	2473	1546
119224	Université Catholique De Louvain	Unitedkingdom	2474	1546
119254	Université Catholique De Louvain	Belgium	369	1569
119272	Universität Zu Köln	Germany	341	1595
119272	Université Catholique De Louvain	Belgium	369	1595
119293	Universiteit Leiden	Netherlands	253	1658
119293	Université Catholique De Louvain	Belgium	369	1658
119558	Universiteit Leiden	Netherlands	253	1734
120820	University Of Edinburgh	Unitedkingdom	36	1687
121004	University Of Edinburgh	Unitedkingdom	36	1736
121249	Bayerische Julius-Maximilians-Universität Würzburg	Germany	404	1726
121344	Universiteit Leiden	Netherlands	253	1723
122199	Rijksuniversiteit Groningen	Netherlands	385	1766
122200	University Of Edinburgh	Unitedkingdom	36	1754
122226	University Of Edinburgh	Unitedkingdom	36	1768
122265	Rijksuniversiteit Groningen	Netherlands	385	1785
122397	University Of Edinburgh	Unitedkingdom	36	1787
122398	Universiteit Leiden	Netherlands	253	1796
122418	University Of Pennsylvania	Unitedstates	37	1792
122437	Universiteit Leiden	Netherlands	253	1753
122438	Universiteit Leiden	Netherlands	253	1736
122493	Rijksuniversiteit Groningen	Netherlands	385	1761
122493	Universiteit Leiden		2487	1761
122515	Universiteit Leiden	Netherlands	253	1751
122535	Yale University	Unitedstates	2	1796
122557	Universiteit Leiden	Netherlands	253	1718
123427	Universiteit Leiden	Netherlands	253	1722
123427	Università Di Padova	Italy	356	1722
123428	Universiteit Leiden	Netherlands	253	1720
123428	Université D'Angers	France	913	1720
123429	Universiteit Leiden	Netherlands	253	1719
123429	Université De Reims Champagne-Ardenne	France	652	1719
123552	University Of Edinburgh	Unitedkingdom	36	1761
123681	Universiteit Franeker	Netherlands	1739	1784
123683	Universiteit Leiden	Netherlands	253	1790
123683	Universiteit Leiden	Netherlands	253	1793
123756	Rijksuniversiteit Groningen	Netherlands	385	1773
123757	Universiteit Leiden	Netherlands	253	1726
123758	Universiteit Leiden	Netherlands	253	1720
123760	Universiteit Leiden	Netherlands	253	1719
123866	Georg-August-Universität Göttingen	Germany	104	1749
123867	Universiteit Leiden	Netherlands	253	1720
123868	Universiteit Leiden	Netherlands	253	1763
123869	Universiteit Utrecht	Netherlands	174	1772
123870	Universiteit Utrecht	Netherlands	174	1771
123871	Universiteit Utrecht	Netherlands	174	1769
123872	Universiteit Utrecht	Netherlands	174	1761
123873	Universiteit Utrecht	Netherlands	174	1756
123949	Universiteit Franeker	Netherlands	1739	1770
123957	Martin-Luther-Universität Halle-Wittenberg	Germany	485	1739
123968	Martin-Luther-Universität Halle-Wittenberg	Germany	485	1704
123974	Friedrich-Schiller-Universität Jena	Switzerland	2494	1650
123974	Universität Basel	Germany	2495	1650
123977	Friedrich-Schiller-Universität Jena	Germany	232	1684
124000	Universiteit Leiden	Netherlands	253	1671
124060	Universiteit Leiden	Netherlands	253	1728
124060	Université De Reims Champagne-Ardenne	France	652	1728
124061	Universiteit Leiden	Netherlands	253	1729
124062	Universiteit Leiden	Netherlands	253	1715
124063	Universiteit Leiden	Netherlands	253	1711
124064	Universiteit Leiden	Netherlands	253	1725
124101	Universiteit Leiden	Netherlands	253	1696
124119	Universiteit Franeker	Netherlands	1739	1774
124120	Universiteit Franeker	Netherlands	1739	1775
124121	Universiteit Franeker	Netherlands	1739	1775
124122	Universiteit Franeker	Netherlands	1739	1767
124149	Universiteit Utrecht	Netherlands	174	1775
124285	Universität Leipzig	Germany	96	1774
124486	Universität Wien	Austria	193	1754
124486	Universiteit Leiden	Netherlands	253	1754
124490	Universität Leipzig	Germany	96	1758
124845	Universität Leipzig	Germany	96	1737
125002	Martin-Luther-Universität Halle-Wittenberg	Germany	485	1712
125006	Università Di Padova	Italy	356	1603
125006	Université Catholique De Louvain	Belgium	369	1603
125023	Universiteit Leiden	Netherlands	253	1622
125023	Università Di Padova	Italy	356	1622
125047	Collège De Navarre	France	2503	1536
125048	Universität Basel	Switzerland	198	1569
125107	Friedrich-Schiller-Universität Jena	Germany	232	1682
125109	Università Di Padova	Italy	356	1559
125124	Collège De France	Italy	2505	1571
125124	Università Di Padova	France	2506	1571
125124	University Of Pavia		2507	1571
125125	Universität Basel	Switzerland	198	1613
125142	Università Di Padova	Italy	356	1547
125142	Università Degli Studi Di Ferrara		2508	1547
125143	Friedrich-Schiller-Universität Jena	Germany	232	1663
125148	Collège De France	France	673	1553
125148	Università Di Padova	Italy	356	1559
125154	Università Di Padova	Italy	356	1625
125154	Martin-Luther-Universität Halle-Wittenberg	Germany	485	1625
125159	University Of Cambridge	Unitedkingdom	33	1549
125159	Ruprecht-Karls-Universität Heidelberg	Germany	231	1561
125173	Universiteit Leiden	Netherlands	253	1601
125181	Universität Zu Köln	Germany	341	1572
125181	Ruprecht-Karls-Universität Heidelberg		2511	1572
125184	Universiteit Leiden	Netherlands	253	1662
125184	Université D'Angers	France	913	1662
125274	Università Di Padova	Italy	356	1602
125299	Universiteit Leiden	Netherlands	253	1618
125299	Université De Caen	France	793	1618
125302	Universiteit Leiden	Netherlands	253	1607
125303	Università Di Padova	Italy	356	1544
125358	Université De Poitiers	Netherlands	2513	1630
125358	Universiteit Leiden	France	2514	1630
125373	Collège De France	Italy	2505	1560
125373	Università Di Bologna	France	2515	1560
125378	Universiteit Leiden	Netherlands	253	1608
125379	Universität Leipzig	Germany	96	1565
125379	Københavns Universitet	Netherlands	2516	1565
125379	Martin-Luther-Universität Halle-Wittenberg		2517	1565
125390	Universiteit Leiden	Netherlands	253	1585
125390	Universität Rostock	Germany	594	1585
125407	Universiteit Leiden	Netherlands	253	1594
125407	Universität Rostock	Germany	594	1594
125408	Universiteit Leiden	Netherlands	253	1621
125422	Université De Paris	France	201	1530
125422	Université De Montpellier		2519	1530
125423	Collège De Tréguier	France	2520	1542
125434	Université Paris Iv-Sorbonne	France	191	1611
125450	Universiteit Leiden	Netherlands	253	1635
125488	Friedrich-Schiller-Universität Jena	Netherlands	2522	1667
125488	Universiteit Leiden	Germany	2523	1667
125560	Universiteit Leiden	Netherlands	253	1645
125560	Université D'Angers	France	913	1645
125561	Universiteit Leiden	Netherlands	253	1655
125561	Université D'Angers	France	913	1655
125650	Universiteit Leiden	Netherlands	253	1659
125650	Académie Protestante De Saumur	France	2525	1659
125651	Universiteit Leiden	Netherlands	253	1658
125651	Académie Protestante De Saumur	France	2525	1658
125658	Université Catholique De Louvain	Belgium	369	1521
125665	Université Catholique De Louvain	Belgium	369	1527
125681	Collège De Montaigu	France	2526	1502
125681	Katholieke Universiteit Leuven	Belgium	538	1519
125682	Université Catholique De Louvain	Germany	2527	1519
125682	Universität Ingolstadt	Belgium	2528	1519
125698	Friedrich-Schiller-Universität Jena	Germany	232	1681
125760	Universität Basel	France	2529	1481
125760	Université De Poitiers	Switzerland	2530	1481
125846	Friedrich-Schiller-Universität Jena	Germany	232	1694
125886	Friedrich-Schiller-Universität Jena	Germany	232	1721
125888	Collège Sainte-Barbe	France	2531	1490
125888	Collège De Montaigu		2532	1490
125892	Université Catholique De Louvain	Belgium	369	1530
125894	Université Catholique De Louvain	Belgium	369	1515
125897	Université Catholique De Louvain	Belgium	369	1485
125938	Collège De Montaigu	France	2526	1506
125938	University Of Turin	Italy	750	1506
125939	Collège Sainte-Barbe	France	2531	1506
125939	Collège De Montaigu		2533	1506
125971	Friedrich-Schiller-Universität Jena	Germany	232	1704
126026	Eberhard-Karls-Universität Tübingen	Germany	169	1763
126031	Universität Königsberg	Germany	225	1796
126031	Christian-Albrechts-Universität Zu Kiel		2534	1796
126064	Université De Toulouse	France	1263	1540
126064	Collège De Tréguier		2535	1540
126064	Université De Montpellier		2536	1540
126087	Universität Wien	Austria	193	1440
126109	Universität Leipzig	Germany	96	1457
126109	Universität Wien	Austria	193	1457
126111	Martin-Luther-Universität Halle-Wittenberg	Germany	485	1599
126112	Università Di Firenze	Italy	584	1483
126113	Uniwersytet Jagielloński	Poland	352	1489
126119	Universität Leipzig	Germany	96	1730
126120	Universität Leipzig	Germany	96	1744
126124	Universität Leipzig	Germany	96	1752
126177	Università Di Bologna	Italy	310	1499
126177	Uniwersytet Jagielloński	Poland	352	1499
126177	Università Degli Studi Di Ferrara		2537	1499
126177	Università Di Padova		2538	1499
126334	Hohe Karlsschule Stuttgart	Germany	2540	1786
126343	Universiteit Leiden	Netherlands	253	1631
126371	Universität Wien	Austria	193	1788
126489	Universiteit Leiden	Germany	2523	1582
126489	Philipps-Universität Marburg	Netherlands	2543	1582
126571	Université De Paris	France	201	1513
126659	Albert-Ludwigs-Universität Freiburg Im Breisgau	Germany	5	1501
126667	Albert-Ludwigs-Universität Freiburg Im Breisgau	Germany	5	1524
126667	Universität Wien	Austria	193	1524
126724	Martin-Luther-Universität Halle-Wittenberg	Germany	485	1509
126730	Martin-Luther-Universität Halle-Wittenberg	Germany	485	1515
126736	Martin-Luther-Universität Halle-Wittenberg	Germany	485	1535
126827	Martin-Luther-Universität Halle-Wittenberg	Germany	485	1535
126875	Martin-Luther-Universität Halle-Wittenberg	Germany	485	1545
126887	Universität Wien	Austria	193	1406
126894	Georg-August-Universität Göttingen	Germany	104	1790
126895	Universität Leipzig	Germany	96	1742
126946	Martin-Luther-Universität Halle-Wittenberg	Germany	485	1553
126947	Martin-Luther-Universität Halle-Wittenberg	Germany	485	1546
126956	Ruprecht-Karls-Universität Heidelberg	Germany	231	1514
126956	Eberhard-Karls-Universität Tübingen		2545	1514
126957	Martin-Luther-Universität Halle-Wittenberg	Germany	485	1544
127010	Martin-Luther-Universität Halle-Wittenberg	Germany	485	1562
127011	Martin-Luther-Universität Halle-Wittenberg	Germany	485	1543
127020	Collége De Saint-Guillaume À Strasbourg	France	2546	1554
127039	Universität Ingolstadt	Germany	1438	1551
127039	Collège Saint-Guillaume À Strasbourg	France	1467	1551
127039	Collège De Sorbonne		2547	1551
127049	Evangelischen Stift Tübingen	Germany	2548	1576
127050	Martin-Luther-Universität Halle-Wittenberg	Germany	485	1567
127050	Universität Leipzig		2549	1567
127061	Martin-Luther-Universität Halle-Wittenberg	Germany	485	1570
127092	Universität Leipzig	Germany	96	1555
127098	Evangelischen Stift Tübingen	Germany	2548	1591
127107	Universität Ingolstadt	Germany	1438	1476
127110	Martin-Luther-Universität Halle-Wittenberg	Germany	485	1542
127165	Universiteit Leiden	Netherlands	253	1613
127166	Scuola Pubblica Di Vicenza	Italy	2557	1446
127166	Università Di Padova	Italy	356	1453
127167	Universität Altdorf	Germany	989	1614
127168	Universität Altdorf	Germany	989	1610
127181	Università Di Padova	Italy	356	1508
127245	Università Degli Studi Di Ferrara	Italy	1494	1520
127252	Università Di Padova	Italy	356	1574
127252	Martin-Luther-Universität Halle-Wittenberg	Germany	485	1574
127264	Université De Paris	France	201	1375
127275	Martin-Luther-Universität Halle-Wittenberg	Germany	485	1578
127278	Universität Leipzig	Germany	96	1591
127278	Università Di Padova	Italy	356	1591
127365	Eberhard-Karls-Universität Tübingen	Germany	169	1518
127366	Universität Altdorf	Germany	989	1697
127386	Friedrich-Schiller-Universität Jena	Germany	232	1658
127387	Friedrich-Schiller-Universität Jena	Germany	232	1694
127387	Martin-Luther-Universität Halle-Wittenberg		2559	1694
127390	Martin-Luther-Universität Halle-Wittenberg	Germany	485	1681
127413	Justus-Liebig-Universität Gießen	Germany	361	1663
127414	Justus-Liebig-Universität Gießen	Germany	361	1682
127424	Martin-Luther-Universität Halle-Wittenberg	Germany	485	1592
127459	Martin-Luther-Universität Halle-Wittenberg	Germany	485	1600
127461	Martin-Luther-Universität Halle-Wittenberg	Germany	485	1591
127602	Eberhard-Karls-Universität Tübingen	Germany	169	1700
127606	Martin-Luther-Universität Halle-Wittenberg	Germany	485	1610
127636	Martin-Luther-Universität Halle-Wittenberg	Germany	485	1727
127646	Martin-Luther-Universität Halle-Wittenberg	Germany	485	1687
127647	Friedrich-Schiller-Universität Jena	Germany	232	1715
127665	Martin-Luther-Universität Halle-Wittenberg	Germany	485	1621
127668	Georg-August-Universität Göttingen	Germany	104	1752
127671	Martin-Luther-Universität Halle-Wittenberg	Germany	485	1721
127724	Martin-Luther-Universität Halle-Wittenberg	Germany	485	1630
127727	Universität Altdorf	Germany	989	1699
127727	Universiteit Leiden		2563	1699
127728	Universität Altdorf	Germany	989	1663
127734	Friedrich-Schiller-Universität Jena	Germany	232	1629
127734	Martin-Luther-Universität Halle-Wittenberg		2564	1629
127737	University Of Prague	Czechrepublic	335	1400
127737	Universität Leipzig	Germany	96	1414
127790	Universität Leipzig	Germany	96	1567
127791	Universität Altdorf	Germany	989	1603
127801	Martin-Luther-Universität Halle-Wittenberg	Germany	485	1633
127803	Martin-Luther-Universität Halle-Wittenberg	Germany	485	1690
127848	Universität Helmstedt	Germany	483	1596
127864	Martin-Luther-Universität Halle-Wittenberg	Germany	485	1570
127898	Universität Leipzig	Germany	96	1582
127923	Martin-Luther-Universität Halle-Wittenberg	Germany	485	1651
127923	Martin-Luther-Universität Halle-Wittenberg	Germany	485	1657
127946	Universität Leipzig	Germany	96	1672
127946	Europa-Universität Viadrina Frankfurt An Der Oder	Germany	862	1679
127956	Universität Helmstedt	Germany	483	1644
127956	Martin-Luther-Universität Halle-Wittenberg		2571	1644
127962	Martin-Luther-Universität Halle-Wittenberg	Germany	485	1687
128012	Università Degli Studi Di Ferrara	Italy	1494	1478
128013	Universität Zu Köln	Germany	341	1485
128013	Ruprecht-Karls-Universität Heidelberg		2573	1485
128046	Martin-Luther-Universität Halle-Wittenberg	Germany	485	1683
128097	Universität Helmstedt	Germany	483	1607
128104	Martin-Luther-Universität Halle-Wittenberg	Germany	485	1566
128104	Universität Leipzig	Italy	2574	1566
128104	Università Di Pisa		2575	1566
128105	Universität Helmstedt	Germany	483	1592
128122	Universität Viadrina Frankfurt An Der Oder	Germany	2576	1596
128122	Universität Breslau		2577	1596
128122	Universität Helmstedt		2578	1596
128239	Martin-Luther-Universität Halle-Wittenberg	Germany	485	1636
128240	Martin-Luther-Universität Halle-Wittenberg	Germany	485	1622
128305	Universität Basel	Switzerland	198	1580
128348	Universität Leipzig	Germany	96	1566
128348	Martin-Luther-Universität Halle-Wittenberg		2579	1566
128368	Universiteit Leiden	Germany	2523	1693
128368	Universität Zu Köln	Netherlands	2581	1693
128369	Università Di Padova	Italy	356	1670
128377	Friedrich-Schiller-Universität Jena	Germany	232	1708
128411	Friedrich-Schiller-Universität Jena	Germany	232	1640
128743	Friedrich-Schiller-Universität Jena	Germany	232	1640
128931	Universität Erfurt	Germany	1449	1634
128938	Eberhard-Karls-Universität Tübingen	Germany	169	1686
128986	Martin-Luther-Universität Halle-Wittenberg	Germany	485	1709
128986	Eberhard-Karls-Universität Tübingen		2586	1709
128987	Université De Paris	France	201	1516
128991	Martin-Luther-Universität Halle-Wittenberg	Germany	485	1629
129009	Martin-Luther-Universität Halle-Wittenberg	Germany	485	1613
129009	Martin-Luther-Universität Halle-Wittenberg	Germany	485	1617
129079	Martin-Luther-Universität Halle-Wittenberg	Germany	485	1712
129421	University Of Cambridge	Unitedkingdom	33	1760
129628	Universität Basel	Switzerland	198	1661
129708	Universität Basel	Switzerland	198	1649
129893	Collège De Montaigu	France	2526	1508
130248	Universität Basel	Switzerland	198	1584
130323	Universiteit Harderwijk	Netherlands	2467	1775
130323	Universiteit Leiden		2603	1775
130346	Universiteit Leiden	Netherlands	253	1743
130461	Rijksuniversiteit Groningen	Netherlands	385	1709
130489	Universiteit Leiden	Netherlands	253	1653
130575	Universiteit Franeker	Netherlands	1739	1629
130840	Universiteit Franeker	Netherlands	1739	1614
130913	University Of Cambridge	Unitedkingdom	33	1572
131235	Université De Paris	France	201	1513
131236	Ruprecht-Karls-Universität Heidelberg	Germany	231	1537
131236	Collège Saint-Guillaume À Strasbourg		2610	1537
131398	Université De Paris	France	201	1480
131398	Accademia Romana		2611	1480
131399	Universität Ingolstadt	Germany	1438	1515
131399	Albert-Ludwigs-Universität Freiburg Im Breisgau		2612	1515
131444	Università Di Padova	Italy	356	1444
131447	Università Di Firenze	Italy	584	1493
131517	Université D'Orléans	France	923	1491
131517	Université De Paris		2613	1491
131535	Università Di Firenze	Italy	584	1477
131539	Università Di Firenze	Italy	584	1462
131541	Università Di Padova	Italy	356	1472
131546	Université De Paris	France	201	1521
131561	Mystras	Greece	1444	1436
131576	Mystras	Greece	1444	1452
131576	Accademia Romana		2614	1452
131577	Collège De France	France	673	1563
131584	Constantinople	Italy	1447	1433
131584	Università Di Mantova		2615	1433
131589	Università Di Firenze	Italy	584	1492
131606	Collège De France	France	673	1532
131700	Università Di Firenze	Italy	584	1471
131821	Université D'Orléans	France	923	1539
131905	Université De Paris	France	201	1528
131939	Rijksuniversiteit Groningen	Netherlands	385	1765
131939	Universiteit Leiden		2616	1765
131978	Philipps-Universität Marburg	Germany	200	1743
132044	Université D'Orléans	France	923	1531
132044	Université De Bourges		2617	1531
132045	University Of Pavia	Italy	492	1518
132045	Università Di Bologna		2618	1518
132212	Universiteit Utrecht	Netherlands	174	1720
132223	University Of Kerala	India	1462	203
132273	Universiteit Utrecht	Netherlands	174	1677
132422	Universiteit Utrecht	Netherlands	174	1669
132422	Universiteit Utrecht	Netherlands	174	1669
132431	Universiteit Utrecht	Netherlands	174	1748
132468	Universiteit Leiden	Netherlands	253	1611
132488	Collège Saint-Guillaume À Strasbourg	France	1467	1580
132488	Ruprecht-Karls-Universität Heidelberg	Germany	231	1585
132507	Athenaeum Illustre Amsterdam	Netherlands	1094	1789
132508	Philipps-Universität Marburg	Germany	200	1760
132508	Georg-August-Universität Göttingen	Germany	104	1769
132530	Friedrich-Schiller-Universität Jena	Germany	232	1726
132725	Universiteit Leiden	Netherlands	253	1655
133301	University Of Cambridge	Unitedkingdom	33	1756
133302	Università Di Pisa	Italy	233	1642
133367	University Of Cambridge	Unitedkingdom	33	1742
133368	University Of Cambridge	Unitedkingdom	33	1723
133754	Mystras	Greece	1444	1425
134648	Universiteit Leiden	Netherlands	253	1794
134672	Universiteit Leiden	Netherlands	253	1780
134873	Università Di Padova	Italy	356	1416
134896	Universiteit Leiden	Netherlands	253	1661
134898	Universiteit Leiden	Netherlands	253	1763
134975	Università Di Pisa	Italy	233	1585
135259	Uppsala Universitet	Sweden	176	1767
135260	Uppsala Universitet	Sweden	176	1768
135290	Uppsala Universitet	Sweden	176	1747
136575	Università Di Padova	Italy	356	1610
137705	Universität Leipzig	Germany	96	1643
137717	Universität Leipzig	Germany	96	1678
138162	Williams College	Unitedstates	1590	1799
138474	Indian Institute Of Technology, Kanpur	India	766	196
139498	Friedrich-Schiller-Universität Jena	Germany	232	1789
139687	Langensalza	Germany	1614	1765
139734	Universität Erfurt	Germany	1449	1751
139735	Friedrich-Schiller-Universität Jena	Germany	232	1760
140135	Universität Helmstedt	Germany	483	1796
140909	Lyceum Of Ljubljana	Slovenia	1641	1775
140923	Universität Graz	Austria	321	1767
140924	Universität Graz	Austria	321	1762
141571	University Of Cambridge	Unitedkingdom	33	1515
141915	Universität Leipzig	Germany	96	1642
141916	Universität Leipzig	Germany	96	1645
143044	Eberhard-Karls-Universität Tübingen	Germany	169	1553
143045	Eberhard-Karls-Universität Tübingen	Germany	169	1564
143082	Universität Basel	Switzerland	198	1610
143083	Universität Basel	Switzerland	198	1630
143084	Universität Basel	Switzerland	198	1649
143630	Universität Leipzig	Germany	96	1622
143642	Martin-Luther-Universität Halle-Wittenberg	Germany	485	1590
143859	Universität Leipzig	Germany	96	1656
144155	Martin-Luther-Universität Halle-Wittenberg	Germany	485	1703
144156	Martin-Luther-Universität Halle-Wittenberg	Germany	485	1714
144220	Universität Leipzig	Germany	96	1582
144221	Universität Leipzig	Germany	96	1604
144263	Ruprecht-Karls-Universität Heidelberg	Germany	231	1589
144263	Université De Genève	Switzerland	192	1590
144264	Universiteit Leiden	Netherlands	253	1617
144265	Universiteit Utrecht	Netherlands	174	1636
144354	Universiteit Utrecht	Netherlands	174	1643
144355	Universiteit Leiden	Netherlands	253	1661
144356	Universiteit Utrecht	Netherlands	174	1715
144396	Åbo Kungliga Akademi	Finland	1035	1760
144436	Universiteit Utrecht	Netherlands	174	1640
144436	Universiteit Utrecht	Netherlands	174	1645
145113	Uppsala Universitet	Sweden	176	1776
145115	Uppsala Universitet	Sweden	176	1758
145116	Uppsala Universitet	Sweden	176	1751
145118	Uppsala Universitet	Sweden	176	1717
145118	Philipps-Universität Marburg	Germany	200	1728
145119	Uppsala Universitet	Sweden	176	1730
145120	Uppsala Universitet	Sweden	176	1711
145121	Uppsala Universitet	Sweden	176	1688
145122	Universiteit Leiden	Netherlands	253	1660
145123	Universiteit Franeker	Netherlands	1739	1630
145184	Universiteit Utrecht	Netherlands	174	1718
145283	Università Degli Studi Di Modena E Reggio Emilia	Italy	1741	1794
145284	Università Di Padova	Italy	356	1770
145289	Università Di Bologna	Italy	310	1687
145290	Università Di Messina	Italy	574	1653
145706	Eberhard-Karls-Universität Tübingen	Germany	169	1774
145707	Universiteit Franeker	Netherlands	1739	1617
145708	Universität Erfurt	Germany	1449	1645
145708	Universiteit Leiden	Netherlands	253	1646
145770	Martin-Luther-Universität Halle-Wittenberg	Germany	485	1694
145770	Europa-Universität Viadrina Frankfurt An Der Oder	Germany	862	1699
145771	Eberhard-Karls-Universität Tübingen	Germany	169	1702
145771	Martin-Luther-Universität Halle-Wittenberg	Germany	485	1706
145772	Eberhard-Karls-Universität Tübingen	Germany	169	1722
145774	Eberhard-Karls-Universität Tübingen	Germany	169	1723
145774	Eberhard-Karls-Universität Tübingen	Germany	169	1727
145775	Martin-Luther-Universität Halle-Wittenberg	Germany	485	1739
145776	Georg-August-Universität Göttingen	Germany	104	1774
146035	Martin-Luther-Universität Halle-Wittenberg	Germany	485	1706
151002	Les Hôpitals De La Charité Et Salpêtrière De Paris	France	1853	1749
151180	Friedrich-Schiller-Universität Jena	Germany	232	1799
152238	Collège De France	France	673	1553
152238	Université D'Orléans	France	923	1559
152238	Université De Bourges		2635	1559
152238	Université De Genève	Switzerland	192	1561
152647	Eberhard-Karls-Universität Tübingen	Germany	169	1521
152648	Eberhard-Karls-Universität Tübingen	Germany	169	1551
152901	Università Di Firenze	Italy	584	1486
152903	Università Di Padova	Italy	356	1487
152906	Università Di Padova	Italy	356	1542
154456	Università Di Pisa	Italy	233	1619
155197	Friedrich-Schiller-Universität Jena	Germany	232	1724
157285	Universität Leipzig	Germany	96	1795
157287	Universität Leipzig	Germany	96	1747
157289	Universität Leipzig	Germany	96	1778
157308	Universität Leipzig	Germany	96	1663
157308	Universität Leipzig	Germany	96	1668
158328	Université De Montpellier	France	1017	1612
158900	Université De Paris	France	201	1768
159012	Friedrich-Schiller-Universität Jena	Germany	232	1653
159013	Friedrich-Schiller-Universität Jena	Germany	232	1662
159761	Université De Paris	France	201	1742
165422	Eberhard-Karls-Universität Tübingen	Germany	169	1722
165423	Eberhard-Karls-Universität Tübingen	Germany	169	1725
165424	Eberhard-Karls-Universität Tübingen	Germany	169	1731
165425	Eberhard-Karls-Universität Tübingen	Germany	169	1722
